Influencer insta name,Category,Followers,Top audience country,Authentic engagement,Engagement average
433,Sports with a ball,48500000.0,Spain,383100.0,637000.0
__youngbae__,Music,12700000.0,Indonesia,478000.0,542300.0
_agentgirl_,Shows,18800000.0,Russia,310800.0,377900.0
_imyour_joy,Lifestyle,13500000.0,Indonesia,1100000.0,1400000.0
_jeongjaehyun,Music,11100000.0,Indonesia,2500000.0,3100000.0
_mariahwasa,Music,7900000.0,Brazil,915100.0,1200000.0
_rl9,Sports with a ball,25000000.0,Poland,588600.0,749000.0
_seorina,Lifestyle,3000000.0,South Korea,803900.0,997800.0
_shotaroo_,Music,4900000.0,Indonesia,860100.0,1100000.0
03_hu,Music,4100000.0,South Korea,711000.0,872600.0
21savage,Music,13200000.0,United States,263500.0,462000.0
333cyj333,Music,6500000.0,Thailand,359300.0,427700.0
3gerardpique,Sports with a ball,19800000.0,Spain,446100.0,658800.0
50cent,Music,27900000.0,United States,177500.0,283200.0
9gag,Humor & Fun & Happiness,58300000.0,Indonesia,214700.0,276900.0
abdevilliers17,Sports with a ball,17200000.0,India,534000.0,615900.0
aboflah,Humor & Fun & Happiness,7200000.0,Iraq,793400.0,949400.0
achrafhakimi,Sports with a ball,8800000.0,Morocco,520000.0,764500.0
actorleeminho,Cinema & Actors/actresses,28900000.0,Indonesia,2800000.0,3700000.0
actorprabhas,Music,8200000.0,India,482200.0,540200.0
actorsuriya,Music,4100000.0,India,491300.0,637700.0
acunilicali,Cinema & Actors/actresses,13600000.0,Turkey,233800.0,286300.0
adamsandler,Cinema & Actors/actresses,12700000.0,United States,395900.0,503900.0
addisonraee,Beauty,40500000.0,United States,1100000.0,1600000.0
adele,Music,49700000.0,United States,2600000.0,3600000.0
adidasoriginals,Clothing & Outfits,34200000.0,United States,52400.0,71800.0
adinross,Music,2600000.0,United States,551100.0,1100000.0
aespa_official,Music,8300000.0,Indonesia,1100000.0,1600000.0
agustd,Music,31500000.0,United States,10900000.0,10900000.0
aishwaryaraibachchan_arb,Cinema & Actors/actresses,10000000.0,India,247600.0,316500.0
aislinnderbez,Cinema & Actors/actresses,12000000.0,Mexico,235700.0,295400.0
akshaykumar,Cinema & Actors/actresses,61100000.0,India,815300.0,971000.0
alejandrospeitzer,Lifestyle,5100000.0,Mexico,313300.0,488600.0
aleoliveiracm,Humor & Fun & Happiness,8300000.0,Brazil,235800.0,598400.0
alexademie,Music,10800000.0,United States,1200000.0,2100000.0
alexandradaddario,Cinema & Actors/actresses,22400000.0,India,487900.0,596600.0
alexis_officia1,Sports with a ball,13400000.0,Chile,185200.0,304800.0
alexisren,Lifestyle,15800000.0,United States,102000.0,158100.0
alfinetei,Humor & Fun & Happiness,21100000.0,Brazil,99500.0,223600.0
aliaabhatt,Cinema & Actors/actresses,61800000.0,India,1200000.0,1500000.0
alidaei,Sports with a ball,8000000.0,Iran,555800.0,937000.0
aliiiiiiiikarimi8,Sports with a ball,9100000.0,Iran,328700.0,495100.0
alishalehmann7,Sports with a ball,6800000.0,Brazil,373800.0,705300.0
alluarjunonline,Cinema & Actors/actresses,17600000.0,India,1600000.0,2000000.0
alok,Music,27000000.0,Brazil,249600.0,319900.0
alvaromorata,Sports with a ball,16200000.0,Italy,113100.0,175200.0
alvaromorte,Cinema & Actors/actresses,12400000.0,India,244500.0,334700.0
alvxaro,Lifestyle,9200000.0,Brazil,169600.0,424700.0
alwaysramcharan,Lifestyle,5600000.0,India,596800.0,668300.0
amadorat,Fashion,8100000.0,Mexico,505000.0,564400.0
amandacerny,Humor & Fun & Happiness,24100000.0,India,112900.0,180600.0
amandamanopo,Modeling,15200000.0,Indonesia,189600.0,250500.0
amarantavp,Music,4900000.0,Mexico,483800.0,605600.0
amauryguichon,Food & Cooking,6700000.0,United States,357300.0,435700.0
amitabhbachchan,Cinema & Actors/actresses,30000000.0,India,88500.0,103600.0
amybethmcnulty,Lifestyle,6300000.0,Brazil,561400.0,771300.0
ana_d_armas,Cinema & Actors/actresses,6100000.0,United States,543400.0,735300.0
ananyapanday,Cinema & Actors/actresses,21900000.0,India,318200.0,371800.0
anasmarwah,Family,5500000.0,Iraq,431800.0,557500.0
andreavaldirisos,Lifestyle,7700000.0,Colombia,411300.0,584300.0
andresiniesta8,Sports with a ball,39000000.0,Spain,91500.0,132300.0
angela_aguilar_,Lifestyle,8200000.0,Mexico,285500.0,346000.0
angeldimariajm,Sports with a ball,16300000.0,Argentina,294600.0,434100.0
angelinajolie,Music,12600000.0,Brazil,274600.0,456200.0
angelinajolie,Lifestyle,12600000.0,Brazil,274600.0,456100.0
angeliqueboyer,Shows,13900000.0,Brazil,247400.0,310600.0
angelrai07,Humor & Fun & Happiness,14900000.0,India,462200.0,557400.0
anguscloud,Music,8300000.0,United States,1300000.0,2100000.0
anitta,Music,61100000.0,Brazil,542800.0,1000000.0
anjimaxuofficially,Lifestyle,11100000.0,India,173300.0,221200.0
annakendrick47,Cinema & Actors/actresses,20300000.0,United States,210000.0,274200.0
annecurtissmith,Music,17800000.0,Philippines,134700.0,152300.0
annehathaway,Cinema & Actors/actresses,22600000.0,United States,704300.0,928400.0
annemarie,Shows,9200000.0,India,242500.0,339600.0
ansufati,Sports with a ball,8000000.0,Spain,475200.0,721000.0
anthonyjoshua,Fitness & Gym,13600000.0,United Kingdom,142000.0,192800.0
antogriezmann,Sports with a ball,35500000.0,Spain,205300.0,329600.0
antonelaroccuzzo,Modeling,19000000.0,Argentina,970700.0,1600000.0
anuel,Music,27900000.0,Spain,586000.0,892100.0
anupamaparameswaran96,Cinema & Actors/actresses,11400000.0,India,510400.0,583300.0
anushkasen0408,Cinema & Actors/actresses,34500000.0,India,379100.0,443800.0
anushkasharma,Cinema & Actors/actresses,57500000.0,India,1100000.0,1300000.0
anyageraldine,Music,10700000.0,Indonesia,182300.0,305200.0
anyataylorjoy,Music,8800000.0,United States,679600.0,979900.0
aoc,Music,8500000.0,United States,290100.0,363000.0
apple,Computers & Gadgets,27400000.0,India,83400.0,111200.0
araikgalstyanmoscowschool,Beauty,13000000.0,Turkey,323000.0,416700.0
arianagrande,Music,302300000.0,United States,2900000.0,4100000.0
arigameplays,Music,9700000.0,Mexico,900600.0,1100000.0
arishfakhan138,Cinema & Actors/actresses,28000000.0,India,183100.0,221400.0
arminzareeiofficial,Music,9500000.0,Iran,178500.0,286100.0
aron.piper,Music,13900000.0,Brazil,273100.0,515600.0
arsenal,Sports with a ball,21500000.0,United Kingdom,79900.0,120000.0
arthuraguiar,Music,12700000.0,Brazil,104100.0,236800.0
asalamaleh,Shows,6600000.0,Iraq,415900.0,514500.0
asaprocky,Music,14600000.0,United States,383600.0,641700.0
ashishchanchlani,Cinema & Actors/actresses,13300000.0,India,832600.0,1000000.0
ashleybenson,Modeling,22400000.0,Brazil,101000.0,144300.0
ashleygraham,Modeling,17200000.0,United States,392700.0,519500.0
aslisona,Cinema & Actors/actresses,21400000.0,India,110200.0,134100.0
ateez_official_,Music,6300000.0,United States,410900.0,472100.0
attahalilintar,Art/Artists,23100000.0,Indonesia,140200.0,192300.0
auba,Sports with a ball,12000000.0,United Kingdom,379300.0,602100.0
aum_patchrapa,Cinema & Actors/actresses,14100000.0,Thailand,150300.0,179200.0
aurelie.hermansyah,Beauty,25300000.0,Indonesia,475200.0,601100.0
avani,Beauty,18800000.0,United States,337000.0,451900.0
avneetkaur_13,Cinema & Actors/actresses,30500000.0,India,281300.0,341100.0
avrillavigne,Music,10700000.0,Brazil,211200.0,263000.0
awez_darbar,Shows,17800000.0,India,466000.0,558400.0
aykutelmas,Cinema & Actors/actresses,6800000.0,Turkey,321000.0,376500.0
badbunnypr,Music,38500000.0,United States,2500000.0,3900000.0
badgalriri,Music,125100000.0,United States,2800000.0,4600000.0
baifernbah,Lifestyle,10400000.0,Indonesia,224500.0,284600.0
bambam1a,Music,16000000.0,Brazil,684300.0,863000.0
barackobama,Finance & Economics,35400000.0,United States,148300.0,174600.0
barbieferreira,Music,6100000.0,United States,635500.0,1200000.0
bbrightvc,Cinema & Actors/actresses,13500000.0,Indonesia,1700000.0,2000000.0
bclsinclair,Music,20200000.0,Indonesia,153500.0,242600.0
beberexha,Music,10800000.0,India,221500.0,327000.0
bebytsabina,Modeling,7100000.0,Indonesia,243400.0,373900.0
beingsalmankhan,Cinema & Actors/actresses,50700000.0,India,474600.0,604400.0
belindapop,Music,14900000.0,Mexico,136700.0,197000.0
bellahadid,Modeling,50600000.0,United States,566900.0,905300.0
bellapoarch,Music,14300000.0,United States,859500.0,1200000.0
bellathorne,Music,25200000.0,United States,289500.0,485700.0
bernardokath,Beauty,16800000.0,Philippines,452700.0,545400.0
beyonce,Music,246900000.0,United States,2600000.0,3700000.0
bhadbhabie,Music,16400000.0,United States,143100.0,268000.0
bhuvan.bam22,Cinema & Actors/actresses,14200000.0,India,741000.0,915800.0
bianca,Beauty,17700000.0,Brazil,73600.0,172200.0
bibisbeautypalace,Family,7800000.0,Germany,322700.0,369600.0
bighit_ent,Music,13000000.0,Indonesia,721300.0,888500.0
bigsean,Music,14600000.0,United States,169900.0,310300.0
billieeilish,Music,101700000.0,United States,2600000.0,3400000.0
bizarrap,Music,11500000.0,Argentina,920800.0,1100000.0
blackpinkofficial,Music,46200000.0,Indonesia,1100000.0,1400000.0
blakelively,Cinema & Actors/actresses,32000000.0,United States,827100.0,1300000.0
bleacherreport,Sports with a ball,18400000.0,United States,103800.0,204700.0
blythe,Cinema & Actors/actresses,13400000.0,Philippines,196900.0,224100.0
bmw,Cars & Motorbikes,33100000.0,India,73100.0,97600.0
bn_sj2013,Cinema & Actors/actresses,21400000.0,Indonesia,2500000.0,2900000.0
bobbyindaeyo,Music,3400000.0,Indonesia,679100.0,791200.0
borodylia,Shows,18200000.0,Russia,123000.0,153200.0
bramastavrl,Cinema & Actors/actresses,23700000.0,Indonesia,109100.0,138900.0
brentrivera,Music,22100000.0,United States,888300.0,1200000.0
bretmanrock,Art/Artists,18300000.0,United States,551000.0,927900.0
brfootball,Sports with a ball,11900000.0,United States,146000.0,236000.0
briandadeyanara,Music,12600000.0,Mexico,355200.0,417300.0
brianmaps,Photography,5800000.0,Russia,608400.0,627900.0
britneyspears,Music,40200000.0,United States,180500.0,251600.0
brunamarquezine,Cinema & Actors/actresses,42600000.0,Brazil,485200.0,837200.0
brunomars,Music,24900000.0,Brazil,328700.0,499000.0
brycehall,Music,7500000.0,United States,279200.0,358700.0
bts.bighitofficial,Music,61700000.0,Indonesia,2400000.0,2600000.0
bugatti,Cars & Motorbikes,16100000.0,United States,124100.0,168500.0
bumkeyk,Music,9000000.0,Indonesia,376300.0,451600.0
burakozcivit,Cinema & Actors/actresses,20500000.0,Turkey,492800.0,597500.0
burcuozberk,Cinema & Actors/actresses,9000000.0,Turkey,560900.0,725600.0
bypamella,Shows,9400000.0,Brazil,237700.0,406800.0
c.syresmith,Cinema & Actors/actresses,18600000.0,United States,190100.0,294600.0
camerondallas,Cinema & Actors/actresses,23000000.0,United States,104800.0,182600.0
camila_cabello,Music,60900000.0,Brazil,305400.0,418100.0
camilaloures,Shows,17600000.0,Brazil,131500.0,196300.0
camilladelucas,Beauty,10800000.0,Brazil,205200.0,376800.0
camilo,Music,26400000.0,Argentina,252300.0,398900.0
camimendes,Cinema & Actors/actresses,26800000.0,Brazil,1100000.0,1600000.0
canelo,Fitness & Gym,12800000.0,Mexico,203000.0,282200.0
canyaman,Cinema & Actors/actresses,9300000.0,Italy,324400.0,402800.0
caradelevingne,Modeling,43300000.0,United States,130100.0,182800.0
carlinhosmaiaof,Lifestyle,24800000.0,Brazil,441900.0,810700.0
carryminati,Computers & Gadgets,15000000.0,India,885800.0,1000000.0
casemiro,Sports with a ball,14000000.0,Spain,149800.0,224100.0
caviarmagnat,Music,13300000.0,Russia,148600.0,214400.0
cazzu,Music,9800000.0,Argentina,396200.0,508000.0
cbum,Fitness & Gym,6600000.0,United States,248700.0,410600.0
celestebarber,Humor & Fun & Happiness,8900000.0,United States,364800.0,393200.0
chaelincl,Art/Artists,9800000.0,Brazil,259000.0,342500.0
championsleague,Sports with a ball,91400000.0,Brazil,255300.0,344400.0
channingtatum,Cinema & Actors/actresses,17000000.0,United States,272100.0,393200.0
charles_leclerc,Racing Sports,6600000.0,Italy,473900.0,629200.0
charlidamelio,Lifestyle,47700000.0,United States,1500000.0,1900000.0
charlieputh,Music,15700000.0,United States,320500.0,456200.0
chelseafc,Sports with a ball,33200000.0,Indonesia,115700.0,172400.0
chiaraferragni,Beauty,26700000.0,Italy,372000.0,616600.0
chloegmoretz,Cinema & Actors/actresses,20100000.0,United States,292900.0,392500.0
choi_seung_hyun_tttop,Music,13600000.0,Indonesia,337700.0,400700.0
choquei,Literature & Journalism,17000000.0,Brazil,90100.0,279500.0
chrisbrownofficial,Music,106000000.0,United States,157100.0,241900.0
chrisevans,Music,14800000.0,United States,2000000.0,2400000.0
chrishemsworth,Cinema & Actors/actresses,54000000.0,India,776600.0,998100.0
chrissyteigen,Shows,37400000.0,United States,158000.0,205500.0
ciara,Music,31300000.0,United States,199400.0,270600.0
claaragalle,Music,3200000.0,Mexico,425200.0,771600.0
claireholt,Cinema & Actors/actresses,7400000.0,United States,304100.0,415400.0
claragnds,Music,6400000.0,Brazil,153400.0,386600.0
clean_0828,Lifestyle,5500000.0,Indonesia,1300000.0,1600000.0
cocielo,Cinema & Actors/actresses,17800000.0,Brazil,360600.0,564800.0
coldplay,Music,15400000.0,Brazil,274000.0,381300.0
cole.labrant,Lifestyle,5000000.0,United States,412600.0,580800.0
colesprouse,Modeling,36000000.0,United States,352700.0,459300.0
colleen,Family,7500000.0,United States,368300.0,463600.0
conangray,Music,5700000.0,Brazil,785400.0,1200000.0
courteneycoxofficial,Cinema & Actors/actresses,12100000.0,India,319900.0,421900.0
cristiano,Sports with a ball,419600000.0,India,5700000.0,7000000.0
cvillaloboss,Shows,19200000.0,Colombia,247300.0,305100.0
cznburak,Food & Cooking,32900000.0,Turkey,615200.0,836000.0
d_a___m_i,Music,4300000.0,Indonesia,1100000.0,1400000.0
d_degeaofficial,Sports with a ball,12900000.0,United Kingdom,306800.0,434400.0
daddyyankee,Music,44900000.0,Argentina,1300000.0,1800000.0
dagelan,Humor & Fun & Happiness,20600000.0,Indonesia,83400.0,140500.0
danbilzerian,Cinema & Actors/actresses,32800000.0,India,1300000.0,2100000.0
danialves,Sports with a ball,35700000.0,Brazil,170600.0,264900.0
daniel.k.here,Lifestyle,4800000.0,Indonesia,458900.0,577400.0
danielricciardo,Racing Sports,6600000.0,United States,361100.0,469200.0
dannapaola,Music,33500000.0,Mexico,931600.0,1300000.0
daquan,Humor & Fun & Happiness,16800000.0,United States,364200.0,561900.0
darshanravaldz,Music,14800000.0,India,205900.0,249100.0
dava_m,Business & Careers,13700000.0,Russia,166000.0,215900.0
davidalaba,Sports with a ball,8500000.0,Spain,301400.0,426700.0
davidbeckham,Family,71900000.0,India,500400.0,641100.0
davidluiz23,Sports with a ball,21200000.0,Brazil,69800.0,152400.0
davido,Music,23300000.0,Nigeria,184900.0,259300.0
davidwarner31,Sports with a ball,9100000.0,India,238200.0,279700.0
davikah,Modeling,15900000.0,Thailand,355300.0,460800.0
dbook,Music,5100000.0,United States,248800.0,489000.0
ddlovato,Music,128700000.0,United States,319800.0,418400.0
dean.schneider,Animals,10100000.0,India,271500.0,348200.0
dearra,Lifestyle,6000000.0,United States,236900.0,589900.0
debbyryan,Music,16700000.0,United States,169400.0,246400.0
deepikapadukone,Cinema & Actors/actresses,65500000.0,India,347200.0,450300.0
deiveleonardo,Literature & Journalism,10800000.0,Brazil,234300.0,431400.0
demetozdemir,Cinema & Actors/actresses,15000000.0,Turkey,335600.0,449000.0
demirose,Modeling,19200000.0,United States,395900.0,515000.0
dew_jsu,Music,4500000.0,Indonesia,798400.0,1100000.0
dhanushkraja,Cinema & Actors/actresses,4200000.0,India,685100.0,886300.0
diddy,Music,18400000.0,United States,109400.0,164500.0
diljitdosanjh,Cinema & Actors/actresses,12900000.0,India,203300.0,244700.0
dindahw,Cinema & Actors/actresses,13900000.0,Indonesia,288800.0,431500.0
dishapatani,Cinema & Actors/actresses,49600000.0,India,909300.0,1100000.0
divyankatripathidahiya,Shows,18900000.0,India,146500.0,168200.0
dixiedamelio,Music,25100000.0,United States,293000.0,430300.0
djokernole,Sports with a ball,10400000.0,Serbia,195700.0,240900.0
djsnake,Music,9100000.0,India,362200.0,429600.0
djxiao_888,Music,6600000.0,Indonesia,1100000.0,1300000.0
dkharbour,Cinema & Actors/actresses,6200000.0,United States,352200.0,461500.0
dlwlrma,Art/Artists,25800000.0,South Korea,2900000.0,3500000.0
dntlrdl,Lifestyle,5900000.0,Indonesia,1500000.0,2000000.0
do0_nct,Music,9800000.0,Indonesia,1400000.0,1900000.0
dojacat,Music,22400000.0,United States,2800000.0,3900000.0
domelipa,Lifestyle,17200000.0,Mexico,1100000.0,1300000.0
dominicfike,Music,3700000.0,United States,419900.0,799000.0
donya,Fashion,14700000.0,Iran,379800.0,596700.0
dovecameron,Cinema & Actors/actresses,46400000.0,United States,618500.0,807200.0
dqsalmaan,Cinema & Actors/actresses,10200000.0,India,176800.0,239600.0
dra.deolanebezerra,Music,13200000.0,Brazil,352000.0,754100.0
drewstarkey,Music,3200000.0,United States,630200.0,1200000.0
dualipa,Music,81600000.0,Mexico,2200000.0,2700000.0
dudewithsign,Music,8100000.0,United States,400000.0,628500.0
dukeandduchessofcambridge,Family,13500000.0,United States,0.0,214200.0
dukissj,Music,9000000.0,Argentina,607200.0,1100000.0
dylanminnette,Music,7300000.0,United States,215700.0,350400.0
dylansprouse,Cinema & Actors/actresses,9300000.0,United States,350300.0,549800.0
e_milygarcia,Cinema & Actors/actresses,11000000.0,Brazil,230100.0,380500.0
earthpix,Nature & landscapes,22700000.0,United States,118700.0,145900.0
easportsfifa,Sports with a ball,25800000.0,Spain,70900.0,118300.0
ebi,Music,10300000.0,Iran,193600.0,260500.0
ederbez,Cinema & Actors/actresses,18100000.0,Mexico,248300.0,278900.0
egorkreed,Music,14700000.0,Russia,322600.0,396900.0
eilirjani,Lifestyle,9500000.0,Albania,423900.0,611600.0
elcinsangu,Cinema & Actors/actresses,8300000.0,Turkey,284600.0,342800.0
eliana,Music,29600000.0,Brazil,119300.0,151500.0
ellenpompeo,Cinema & Actors/actresses,10000000.0,Brazil,285800.0,495800.0
elnazshakerdoost,Cinema & Actors/actresses,9500000.0,Iran,219000.0,295700.0
elrodrigocontreras,Lifestyle,12700000.0,Mexico,563100.0,620800.0
elrubiuswtf,Computers & Gadgets,16200000.0,Mexico,1400000.0,1500000.0
emilia_clarke,Cinema & Actors/actresses,27000000.0,India,490500.0,617200.0
emiliamernes,Music,4900000.0,Argentina,549500.0,1000000.0
eminem,Cinema & Actors/actresses,35600000.0,Iran,771200.0,993500.0
emmachamberlain,Lifestyle,15300000.0,United States,1100000.0,1700000.0
emmaroberts,Cinema & Actors/actresses,17700000.0,United States,266400.0,392400.0
emrata,Modeling,29000000.0,United States,475400.0,758700.0
enhypen,Music,9600000.0,Indonesia,1500000.0,2100000.0
erling.haaland,Music,14800000.0,Brazil,541800.0,811000.0
esbilgic,Lifestyle,6700000.0,India,319100.0,407100.0
ester_exposito,Cinema & Actors/actresses,29000000.0,Russia,2900000.0,4300000.0
eunwo.o_c,Music,27400000.0,Indonesia,3600000.0,4500000.0
euphoria,Music,7900000.0,United States,1100000.0,1800000.0
evaluna,Family,19800000.0,Argentina,812100.0,1100000.0
evcenf,Lifestyle,12800000.0,Turkey,375600.0,473300.0
ewsbdi,Music,4200000.0,Indonesia,488600.0,730200.0
f1,Racing Sports,18300000.0,Italy,266600.0,337700.0
fabriziorom,Literature & Journalism,6400000.0,Italy,328900.0,570600.0
fadiljaidi,Lifestyle,7000000.0,Indonesia,581500.0,873000.0
faz3,Lifestyle,14000000.0,United Arab Emirates,257300.0,337900.0
fcbarcelona,Sports with a ball,107100000.0,Indonesia,450100.0,687900.0
fcbayern,Sports with a ball,31800000.0,Germany,115000.0,167400.0
fedez,Music,13700000.0,Italy,725500.0,1000000.0
feliciathegoat,Music,12400000.0,United States,1000000.0,1700000.0
felicyangelista_,Family,21000000.0,Indonesia,107000.0,147800.0
felipeneto,Lifestyle,15400000.0,Brazil,166100.0,236000.0
fifaworldcup,Sports with a ball,25500000.0,India,71200.0,109100.0
florencepugh,Humor & Fun & Happiness,7200000.0,United States,926400.0,1400000.0
for_everyoung10,Music,3600000.0,Indonesia,733900.0,926900.0
fortnite,Computers & Gadgets,26100000.0,United States,102100.0,120300.0
francety,Adult content,10600000.0,India,250400.0,328300.0
francinyehlke,Beauty,15200000.0,Brazil,86400.0,188600.0
frenchmontana,Music,24500000.0,United States,91500.0,151600.0
frenkiedejong,Sports with a ball,10000000.0,Spain,528600.0,792500.0
fuckjerry,Humor & Fun & Happiness,16600000.0,United States,405300.0,523100.0
fuji_an,Music,10300000.0,Indonesia,531800.0,1300000.0
gabigol,Sports with a ball,9600000.0,Brazil,282000.0,427000.0
gal_gadot,Cinema & Actors/actresses,77000000.0,United States,597500.0,771600.0
galatasaray,Sports with a ball,11100000.0,Turkey,254400.0,307800.0
garethbale11,Sports with a ball,46300000.0,Spain,402200.0,633900.0
gatenm123,Music,13600000.0,Brazil,449500.0,594100.0
geneliad,Cinema & Actors/actresses,9600000.0,India,444400.0,550600.0
georgenotfound,Music,3100000.0,United States,997800.0,1100000.0
georginagio,Lifestyle,36500000.0,India,2500000.0,3500000.0
gessicakayane,Shows,19300000.0,Brazil,173600.0,357900.0
ggonekim,Music,5100000.0,Indonesia,441600.0,542600.0
gianlucavacchi,Lifestyle,22200000.0,Brazil,511400.0,787200.0
giannis_an34,Sports with a ball,12300000.0,United States,217800.0,344600.0
gigihadid,Modeling,73200000.0,United States,1900000.0,2800000.0
gildovigor,Music,15000000.0,Brazil,442500.0,612200.0
gima_ashi,Lifestyle,13900000.0,India,145100.0,197800.0
gioewbank,Cinema & Actors/actresses,28000000.0,Brazil,181400.0,290600.0
gisele,Modeling,18900000.0,Brazil,274600.0,408000.0
goar_avetisyan,Beauty,11500000.0,Russia,510500.0,707900.0
golfarahani,Cinema & Actors/actresses,12600000.0,Iran,307500.0,395700.0
grantgust,Cinema & Actors/actresses,7800000.0,Brazil,343400.0,487300.0
greeicy,Shows,20400000.0,Colombia,201400.0,270900.0
grefg_official,Computers & Gadgets,7100000.0,Spain,440100.0,546100.0
gucci,Accessories & Jewellery,47900000.0,United States,57900.0,74300.0
gururandhawa,Music,31500000.0,India,110800.0,135400.0
gusein.gasanov,Shows,21000000.0,Russia,524500.0,786100.0
gusttavolima,Music,42900000.0,Brazil,46900.0,79800.0
hadise,Music,13700000.0,Turkey,220700.0,257200.0
haechanahceah,Music,2700000.0,United States,0.0,2100000.0
haileesteinfeld,Cinema & Actors/actresses,18200000.0,United States,1500000.0,1900000.0
haileybieber,Lifestyle,42200000.0,United States,1800000.0,2400000.0
hakkiakdenizz,Business & Careers,17600000.0,Russia,120200.0,174400.0
handemiyy,Cinema & Actors/actresses,27300000.0,Turkey,2100000.0,2800000.0
hannahstocking,Modeling,21000000.0,United States,237200.0,337800.0
hardikpandya93,Sports with a ball,20600000.0,India,860300.0,1100000.0
harrykane,Sports with a ball,12300000.0,United Kingdom,148300.0,204400.0
harrystyles,Music,43300000.0,Brazil,2900000.0,3900000.0
hassan_reyvandi,Cinema & Actors/actresses,18700000.0,Iran,330100.0,456500.0
hegdepooja,Cinema & Actors/actresses,18800000.0,India,831700.0,959300.0
helen_yes1,Cinema & Actors/actresses,10500000.0,Russia,342400.0,442600.0
henrycavill,Cinema & Actors/actresses,19700000.0,Brazil,795100.0,966500.0
heybiblee,Modeling,13500000.0,Indonesia,971100.0,1300000.0
hi_high_hiy,Cinema & Actors/actresses,12900000.0,South Korea,2600000.0,3000000.0
hi_songjoongki,Cinema & Actors/actresses,8800000.0,Indonesia,1700000.0,2400000.0
hi_sseulgi,Modeling,11900000.0,Indonesia,849600.0,1100000.0
hichasestokes,Lifestyle,7400000.0,United States,640900.0,959800.0
hilaryduff,Cinema & Actors/actresses,20600000.0,United States,147300.0,188200.0
hm_son7,Music,6000000.0,Brazil,395900.0,644200.0
holyhaein,Music,9700000.0,Indonesia,2100000.0,2600000.0
hoooooyeony,Lifestyle,23700000.0,South Korea,2000000.0,2700000.0
houseofhighlights,Sports with a ball,32700000.0,United States,64600.0,117200.0
hrithikroshan,Cinema & Actors/actresses,41900000.0,India,638300.0,805300.0
hshq,Music,5500000.0,United States,488100.0,859100.0
huddy,Lifestyle,11900000.0,Brazil,228400.0,317800.0
humansofny,Lifestyle,11800000.0,United States,181900.0,215400.0
hunterschafer,Music,7100000.0,United States,957200.0,1600000.0
hyeri_0609,Music,7000000.0,South Korea,447600.0,539000.0
hyunah_aa,Music,17600000.0,South Korea,378100.0,448700.0
hziyech,Sports with a ball,6000000.0,Morocco,348400.0,476000.0
hztttao,Music,11300000.0,Indonesia,253100.0,281300.0
i_m_hendery,Music,6000000.0,United States,965500.0,1300000.0
i_nivethathomas,Cinema & Actors/actresses,5900000.0,India,395300.0,447000.0
iambeckyg,Music,31200000.0,Mexico,679200.0,817400.0
iamcardib,Music,127200000.0,United States,2300000.0,3300000.0
iamferv,Lifestyle,8800000.0,Mexico,1000000.0,1500000.0
iamhalsey,Music,28900000.0,United States,793700.0,1000000.0
iammichelemorroneofficial,Lifestyle,12900000.0,Brazil,654100.0,938900.0
iampauloandre,Lifestyle,6100000.0,Brazil,122200.0,424400.0
iamsrk,Cinema & Actors/actresses,28600000.0,India,717000.0,909700.0
iamzlatanibrahimovic,Sports with a ball,52900000.0,Italy,306700.0,473100.0
iansomerhalder,Cinema & Actors/actresses,22500000.0,United States,527600.0,788900.0
ibaillanos,Art/Artists,6800000.0,Spain,859100.0,1200000.0
ileana_official,Cinema & Actors/actresses,14100000.0,India,286000.0,347700.0
imhyoseop,Lifestyle,6000000.0,Indonesia,1200000.0,1400000.0
imouniroy,Cinema & Actors/actresses,22600000.0,India,238900.0,290700.0
imsebastianstan,Shows,9000000.0,United States,566100.0,672900.0
indiancricketteam,Sports with a ball,23900000.0,India,223200.0,260300.0
indiaroyale,Lifestyle,4000000.0,United States,384500.0,1100000.0
inijedar,Cinema & Actors/actresses,29400000.0,Indonesia,74500.0,99700.0
instagram,Photography,487200000.0,India,352300.0,467400.0
iqbaal.e,Cinema & Actors/actresses,13400000.0,Indonesia,271400.0,465900.0
irinashayk,Modeling,17900000.0,Russia,121800.0,169000.0
iscoalarcon,Sports with a ball,23300000.0,Spain,142700.0,206200.0
isisvalverde,Cinema & Actors/actresses,27800000.0,Brazil,79400.0,117200.0
its.michhh,Music,5300000.0,Mexico,605100.0,741200.0
itsmarziapie,Beauty,8200000.0,United States,603200.0,705100.0
itzy.all.in.us,Music,15800000.0,Indonesia,761500.0,930800.0
j.m,Music,32700000.0,United States,12700000.0,12700000.0
jackharlow,Lifestyle,5100000.0,United States,330800.0,618400.0
jacksepticeye,Computers & Gadgets,7700000.0,United States,277700.0,322300.0
jacksonwang852g7,Music,27300000.0,China,950100.0,1100000.0
jacobelordi,Cinema & Actors/actresses,13200000.0,Brazil,997400.0,1600000.0
jacquelinef143,Cinema & Actors/actresses,59300000.0,India,322000.0,391800.0
jadepicon,Modeling,19400000.0,Brazil,375200.0,818400.0
jailyneojeda,Modeling,14100000.0,United States,183100.0,253700.0
jaimelorentelo,Cinema & Actors/actresses,14500000.0,Brazil,285100.0,381800.0
jairmessiasbolsonaro,Finance & Economics,19500000.0,Brazil,150900.0,212600.0
jakepaul,Cinema & Actors/actresses,19200000.0,United States,278200.0,465100.0
jamescharles,Beauty,23300000.0,United States,293900.0,432000.0
jamesrodriguez10,Sports with a ball,49100000.0,Colombia,506000.0,768300.0
jamorant,Lifestyle,5900000.0,United States,332900.0,537800.0
janhvikapoor,Lifestyle,16100000.0,India,951300.0,1100000.0
jannatzubair29,Cinema & Actors/actresses,41200000.0,India,614700.0,748600.0
jaspritb1,Lifestyle,9500000.0,India,466500.0,536000.0
jaybnow.hr,Music,6600000.0,Brazil,561300.0,731700.0
jaydacheaves,Clothing & Outfits,7000000.0,United States,128500.0,381300.0
jbalvin,Music,51900000.0,Mexico,273600.0,363000.0
jennaortega,Cinema & Actors/actresses,7400000.0,United States,257100.0,366100.0
jennierubyjane,Music,64800000.0,Indonesia,6200000.0,7400000.0
jennifer.garner,Cinema & Actors/actresses,12500000.0,United States,255600.0,289400.0
jenniferaniston,Cinema & Actors/actresses,40100000.0,Brazil,1600000.0,2300000.0
jenniferwinget1,Cinema & Actors/actresses,12300000.0,India,322300.0,391700.0
jennmuriel,Lifestyle,5500000.0,Colombia,451500.0,562600.0
jensenackles,Cinema & Actors/actresses,9100000.0,United States,504600.0,655900.0
jeremyrenner,Shows,17200000.0,United States,192900.0,230800.0
jeromepolin,Education,6500000.0,Indonesia,424200.0,622400.0
jesselingard,Sports with a ball,9500000.0,United Kingdom,192100.0,294500.0
jessicah_o,Music,9700000.0,United States,874500.0,1100000.0
jessicajane99,Lifestyle,6000000.0,Indonesia,441400.0,582300.0
jharden13,Sports with a ball,11700000.0,United States,137500.0,236500.0
jheneaiko,Music,14000000.0,United States,273800.0,481100.0
jichangwook,Cinema & Actors/actresses,19200000.0,Indonesia,920200.0,1200000.0
jimmyfallon,Shows,21300000.0,United States,97200.0,120900.0
jin,Music,32000000.0,United States,11100000.0,11100000.0
jin_bighitentertainment,Lifestyle,8500000.0,Indonesia,1200000.0,1400000.0
jinyoung_0922jy,Music,9300000.0,Indonesia,881400.0,1200000.0
jlo,Music,200800000.0,United States,429500.0,549900.0
joaogomescantor,Music,10800000.0,Brazil,335800.0,917800.0
joaoguilherme,Music,15500000.0,Brazil,116800.0,227100.0
joeyking,Music,19100000.0,Brazil,541100.0,774100.0
johnnyjsuh,Lifestyle,8100000.0,Indonesia,1300000.0,1600000.0
jojotodynho,Music,21700000.0,Brazil,117300.0,190100.0
jokowi,Finance & Economics,45800000.0,Indonesia,158000.0,196000.0
jongsuk0206,Cinema & Actors/actresses,22200000.0,Indonesia,2200000.0,2900000.0
jordialbaoficial,Sports with a ball,14100000.0,Spain,135700.0,196300.0
jorgelopez_as,Cinema & Actors/actresses,9700000.0,Brazil,211300.0,346300.0
joshu_acoustic,Music,4000000.0,United States,0.0,1000000.0
joshuadun,Music,5800000.0,United States,540300.0,660000.0
juandam___,Music,3500000.0,Colombia,772400.0,941200.0
juandediospantoja,Music,21500000.0,Mexico,519100.0,591800.0
juanpazurita,Cinema & Actors/actresses,28600000.0,Mexico,341700.0,485800.0
juansguarnizo,Music,4700000.0,Mexico,659600.0,722900.0
juicewrld999,Music,12200000.0,United States,493900.0,833200.0
juki_lop,Shows,9100000.0,Mexico,493000.0,573300.0
julesleblanc,Music,9700000.0,United States,409500.0,592100.0
julianapaes,Art/Artists,30200000.0,Brazil,61400.0,95200.0
juliette,Cinema & Actors/actresses,33700000.0,Brazil,201200.0,319800.0
jungkook_bighitentertainment,Management & Marketing,9900000.0,Brazil,1800000.0,2000000.0
jungkook.97,Music,35800000.0,United States,11400000.0,11400000.0
justinbieber,Music,227000000.0,India,439100.0,638200.0
justinbieber,Music,227400000.0,India,314200.0,445300.0
justintimberlake,Music,64200000.0,United States,323300.0,432900.0
juventus,Sports with a ball,52900000.0,India,61800.0,89400.0
k.kbeom,Music,5200000.0,Indonesia,1000000.0,1200000.0
k.mbappe,Sports with a ball,68900000.0,France,3000000.0,4300000.0
kajalaggarwalofficial,Cinema & Actors/actresses,21700000.0,India,527300.0,638000.0
kaka,Sports with a ball,17900000.0,Brazil,83600.0,136100.0
kaliuchis,Music,3700000.0,United States,399200.0,689700.0
kapilsharma,Cinema & Actors/actresses,39800000.0,India,690200.0,789300.0
kareenakapoorkhan,Lifestyle,8900000.0,India,367400.0,458300.0
karimbenzema,Sports with a ball,47400000.0,France,981200.0,1400000.0
karljacobs,Music,4000000.0,United States,722500.0,941700.0
karolg,Music,50800000.0,Mexico,4500000.0,5400000.0
kartikaaryan,Cinema & Actors/actresses,23800000.0,India,472200.0,588200.0
katherinelangford,Cinema & Actors/actresses,25700000.0,India,241900.0,346400.0
katrinakaif,Beauty,62900000.0,India,1000000.0,1100000.0
katyperry,Music,156600000.0,Brazil,231800.0,302600.0
kawtarbamo,Cinema & Actors/actresses,7200000.0,Morocco,275900.0,374100.0
kaylanicolejones,Shows,7300000.0,United States,166500.0,352700.0
keerthysureshofficial,Fashion,12500000.0,India,650700.0,743600.0
kehlani,Music,13700000.0,United States,210500.0,328200.0
kendalljenner,Modeling,227400000.0,United States,3400000.0,5500000.0
keniaos,Music,12600000.0,Mexico,545200.0,709000.0
kentooyamazaki,Cinema & Actors/actresses,4900000.0,Japan,583000.0,677100.0
kenzie,Art/Artists,14800000.0,United States,232400.0,353600.0
kevindebruyne,Sports with a ball,16800000.0,United Kingdom,247500.0,382900.0
kevinhart4real,Cinema & Actors/actresses,140200000.0,United States,111300.0,141000.0
kevinroldankr,Music,10100000.0,Mexico,180200.0,291400.0
khabib_nurmagomedov,Fitness & Gym,33300000.0,Russia,252600.0,353300.0
khaby00,Music,73900000.0,Iran,4300000.0,6500000.0
khloekardashian,Clothing & Outfits,230200000.0,United States,991100.0,1200000.0
kiaraaliaadvani,Cinema & Actors/actresses,22100000.0,India,828800.0,939300.0
kiernanshipka,Cinema & Actors/actresses,8100000.0,Brazil,207300.0,335800.0
kimberly.loaiza,Clothing & Outfits,33900000.0,Mexico,995000.0,1200000.0
kimjuncotton,Lifestyle,9700000.0,Indonesia,1400000.0,1700000.0
kimkardashian,Fashion,296400000.0,United States,2000000.0,2900000.0
kimshantal,Music,11600000.0,Mexico,203300.0,237800.0
kingarturo23oficial,Sports with a ball,16700000.0,Italy,120800.0,194800.0
kingbach,Music,22100000.0,United States,120600.0,242000.0
kingjames,Sports with a ball,116600000.0,United States,952900.0,1600000.0
kingryan,Fitness & Gym,8700000.0,United States,209500.0,316600.0
kittychicha,Lifestyle,4200000.0,Philippines,678800.0,823400.0
kjapa,Cinema & Actors/actresses,19000000.0,United States,1000000.0,1500000.0
kkvsh,Lifestyle,8200000.0,United States,198800.0,336600.0
klaythompson,Sports with a ball,11600000.0,United States,202300.0,294700.0
kourtneykardash,Lifestyle,166400000.0,United States,674500.0,961200.0
krisjenner,Shows,46600000.0,United States,119600.0,183400.0
kritisanon,Modeling,47300000.0,India,565500.0,658200.0
ksi,Music,11200000.0,United Kingdom,611700.0,857500.0
kun11xd,Lifestyle,6500000.0,Indonesia,802400.0,1000000.0
kunaguero,Sports with a ball,22400000.0,Argentina,458400.0,794500.0
kyliejenner,Fashion,323300000.0,United States,7600000.0,12300000.0
kyo1122,Cinema & Actors/actresses,12900000.0,Indonesia,636200.0,810500.0
kyrieirving,Sports with a ball,16200000.0,United States,142700.0,216800.0
l7nnon,Lifestyle,6300000.0,Brazil,214000.0,507900.0
la_segura,Cinema & Actors/actresses,8200000.0,Colombia,335200.0,411300.0
lacikaysomers,Music,11800000.0,United States,147500.0,253700.0
ladivaza,Music,6800000.0,Mexico,388900.0,474500.0
ladygaga,Music,51900000.0,United States,498300.0,700000.0
lakers,Sports with a ball,19300000.0,United States,85800.0,132400.0
lalalalisa_m,Music,75700000.0,Indonesia,7500000.0,8600000.0
lamborghini,Luxury,31600000.0,India,174400.0,240500.0
lanacondor,Cinema & Actors/actresses,10900000.0,Brazil,283000.0,385700.0
larasilva,Shows,16800000.0,Brazil,789000.0,1200000.0
larissamanoela,Cinema & Actors/actresses,44800000.0,Brazil,192100.0,320400.0
larray,Lifestyle,6700000.0,United States,357000.0,521500.0
laurenlondon,Cinema & Actors/actresses,9700000.0,United States,217700.0,371600.0
ldh_sky,Music,5500000.0,Indonesia,978400.0,1300000.0
leaelui,Modeling,11700000.0,India,428400.0,719500.0
leedongwook_official,Cinema & Actors/actresses,14100000.0,Indonesia,1000000.0,1400000.0
leeyoum262,Photography,8100000.0,South Korea,562700.0,688800.0
leighannepinnock,Music,8500000.0,Brazil,279100.0,398000.0
lelepons,Music,47700000.0,Mexico,724300.0,1100000.0
leomessi,Sports with a ball,315400000.0,Argentina,4000000.0,5300000.0
leonardodicaprio,Cinema & Actors/actresses,52800000.0,United States,132000.0,166200.0
ler_chek,Lifestyle,10500000.0,Russia,713000.0,923300.0
lestykejora,Music,24900000.0,Indonesia,372900.0,484000.0
letthelordbewithyou,Lifestyle,26500000.0,United States,61500.0,92200.0
lewishamilton,Racing Sports,27500000.0,Brazil,819900.0,1200000.0
lexibrookerivera,Shows,8400000.0,United States,778000.0,975400.0
liampayne,Music,24100000.0,United States,420400.0,585500.0
lilbaby,Music,18800000.0,United States,475400.0,876500.0
lildurk,Music,13000000.0,United States,162100.0,458200.0
lilireinhart,Cinema & Actors/actresses,29000000.0,Brazil,1500000.0,2200000.0
lilnasx,Music,12200000.0,United States,815500.0,1400000.0
liluzivert,Music,15800000.0,United States,1100000.0,2000000.0
lilyjcollins,Cinema & Actors/actresses,26900000.0,United States,314300.0,467300.0
linatejeiro,Cinema & Actors/actresses,9200000.0,Colombia,237700.0,287000.0
lisakudrow,Cinema & Actors/actresses,8500000.0,India,356600.0,475700.0
litkillah,Music,7200000.0,Argentina,438700.0,578400.0
littlebodybigheart,Music,11100000.0,Brazil,913100.0,1200000.0
littlemix,Music,15400000.0,Brazil,172100.0,232000.0
liverpoolfc,Sports with a ball,36700000.0,United Kingdom,100200.0,138200.0
lizakoshy,Cinema & Actors/actresses,19600000.0,United States,156300.0,208800.0
lizasoberano,Beauty,16900000.0,Philippines,243100.0,289900.0
lizgillz,Music,13900000.0,Mexico,563000.0,816300.0
lizzobeeating,Music,12100000.0,United States,213100.0,298300.0
loganpaul,Fitness & Gym,22500000.0,United States,549400.0,733800.0
lomon991111,Music,5700000.0,United States,0.0,1700000.0
loren,Fashion,22500000.0,United States,137300.0,227300.0
loud_babi,Lifestyle,9200000.0,Brazil,200100.0,323500.0
loud_victor,Lifestyle,10400000.0,Brazil,511200.0,652300.0
louist91,Music,18200000.0,Brazil,1100000.0,1500000.0
louisvuitton,Fashion,47700000.0,Brazil,46200.0,59700.0
lucas_lira,Humor & Fun & Happiness,5800000.0,Brazil,296500.0,434300.0
lucasranngel,Lifestyle,19200000.0,Brazil,186800.0,412300.0
lucyhale,Cinema & Actors/actresses,24300000.0,United States,183500.0,240400.0
ludmilla,Music,26500000.0,Brazil,143500.0,212600.0
luisafernandaw,Lifestyle,16900000.0,Colombia,106300.0,162100.0
luisasonza,Music,28200000.0,Brazil,125100.0,198900.0
luisitocomunica,Humor & Fun & Happiness,31700000.0,Mexico,939800.0,1200000.0
luissuarez9,Sports with a ball,43000000.0,Brazil,238800.0,356500.0
lukamodric10,Sports with a ball,21600000.0,Spain,419800.0,616300.0
lunay,Music,10300000.0,Mexico,202600.0,296600.0
luvadepedreiro,Music,9500000.0,Brazil,910400.0,2100000.0
lynaritaa,Music,8600000.0,United States,227100.0,299400.0
m_kayoung,Cinema & Actors/actresses,7900000.0,Indonesia,1100000.0,1500000.0
m10_official,Sports with a ball,24000000.0,Turkey,526600.0,738300.0
machinegunkelly,Music,9600000.0,United States,284000.0,457500.0
maddieziegler,Cinema & Actors/actresses,13900000.0,United States,533400.0,799900.0
madelame,Cinema & Actors/actresses,25300000.0,Russia,1300000.0,1800000.0
madelyncline,Music,12400000.0,United States,1600000.0,2300000.0
madhuridixitnene,Music,30600000.0,India,297200.0,343100.0
madisonbaileybabe,Lifestyle,6700000.0,United States,416400.0,779300.0
madisonbeer,Music,30600000.0,United States,630200.0,940900.0
mahnaz_afshar,Cinema & Actors/actresses,15700000.0,Iran,154300.0,212900.0
maisa,Music,42000000.0,Brazil,343700.0,468000.0
maluma,Music,61600000.0,Italy,329200.0,507600.0
malutrevejo,Music,11200000.0,United States,277200.0,496800.0
manchesterunited,Sports with a ball,56500000.0,United Kingdom,116600.0,188800.0
manelyk_oficial,Music,14100000.0,Mexico,179500.0,240400.0
maneskinofficial,Lifestyle,6000000.0,Italy,519400.0,733500.0
manurios,Shows,9900000.0,Mexico,572700.0,966000.0
marcelotwelve,Sports with a ball,53000000.0,Spain,413500.0,622200.0
marcmarquez93,Racing Sports,6600000.0,Indonesia,478200.0,634500.0
marcoasensio10,Sports with a ball,13600000.0,Spain,194300.0,298300.0
marcusrashford,Sports with a ball,12700000.0,United Kingdom,401900.0,635500.0
mariaalice,Music,6800000.0,Brazil,673400.0,1400000.0
mariabecerra,Music,8600000.0,Argentina,332300.0,785000.0
mariapedraza_,Cinema & Actors/actresses,12000000.0,Spain,279600.0,369000.0
marimaria,Beauty,19900000.0,Brazil,126600.0,242700.0
marinaruybarbosa,Cinema & Actors/actresses,39800000.0,Brazil,86600.0,130100.0
markiplier,Shows,9800000.0,United States,406500.0,463300.0
markruffalo,Cinema & Actors/actresses,20500000.0,Brazil,194300.0,244200.0
marktuan,Music,12100000.0,Thailand,667100.0,877200.0
marshmellomusic,Music,29200000.0,India,345600.0,406600.0
martingarrix,Music,15600000.0,Mexico,152800.0,216300.0
marvel,Cinema & Actors/actresses,62700000.0,United States,180100.0,212500.0
marvelstudios,Cinema & Actors/actresses,36100000.0,India,225500.0,252600.0
mathildtantot,Lifestyle,10300000.0,United States,310200.0,470000.0
matue30,Lifestyle,6100000.0,Brazil,186000.0,408100.0
maudeapatow,Lifestyle,4800000.0,United States,577000.0,955100.0
maudyayunda,Music,15400000.0,Indonesia,110900.0,163500.0
maxverstappen1,Racing Sports,8200000.0,United States,398700.0,524400.0
meganfox,Cinema & Actors/actresses,19900000.0,United States,2100000.0,3400000.0
mehraadjam,Music,4700000.0,Iran,385000.0,564100.0
mejiwoo103,Music,11100000.0,Indonesia,432400.0,521900.0
melissamelmaia,Music,11500000.0,Brazil,245100.0,444100.0
melo,Sports with a ball,8300000.0,United States,298100.0,605600.0
memezar,Cinema & Actors/actresses,23700000.0,United States,325600.0,484700.0
memphisdepay,Sports with a ball,14200000.0,France,191600.0,339100.0
mercedesbenz,Cars & Motorbikes,35300000.0,Iran,75000.0,106800.0
miakhalifa,Fitness & Gym,27700000.0,India,1500000.0,2300000.0
michaelbjordan,Cinema & Actors/actresses,18400000.0,United States,452900.0,751000.0
michaelclifford,Music,5800000.0,United States,291900.0,427900.0
michelleobama,Finance & Economics,49100000.0,United States,132300.0,150200.0
miguel_bernardeau,Cinema & Actors/actresses,7000000.0,Spain,260800.0,384500.0
miguel.g.herran,Cinema & Actors/actresses,14200000.0,Brazil,998200.0,1500000.0
miketyson,Fitness & Gym,18100000.0,United States,122800.0,157300.0
mikhail_litvin,Shows,14600000.0,Russia,972000.0,1200000.0
milad_khahhh,Lifestyle,5600000.0,Iran,365100.0,512700.0
mileycyrus,Music,163800000.0,United States,439700.0,594900.0
milliebobbybrown,Cinema & Actors/actresses,48200000.0,Brazil,2100000.0,2700000.0
mimikeene3,Cinema & Actors/actresses,4300000.0,United Kingdom,765800.0,1400000.0
min9yu_k,Music,6000000.0,Indonesia,1100000.0,1300000.0
mingue.k,Shows,3300000.0,Indonesia,893500.0,1100000.0
mirandacosgrove,Music,9800000.0,Brazil,213500.0,333600.0
mirella,Music,26600000.0,Brazil,230400.0,486700.0
missasinfonia,Music,4600000.0,Mexico,656800.0,752900.0
mo.on_air,Music,4400000.0,Indonesia,1200000.0,1400000.0
mohamedramadanws,Music,20100000.0,Egypt,93900.0,129900.0
mohanshakti,Art/Artists,14900000.0,India,207000.0,248000.0
mont.pantoja,Music,11400000.0,Mexico,498700.0,593700.0
mosalah,Sports with a ball,49000000.0,Egypt,1200000.0,1700000.0
mr_faisu_07,Modeling,26900000.0,India,362000.0,462100.0
mrbeast,Shows,18000000.0,United States,1400000.0,1800000.0
ms_puiyi,Adult content,17200000.0,United States,384000.0,491900.0
mterstegen1,Sports with a ball,13300000.0,Spain,280000.0,422000.0
myketowers,Music,9400000.0,Spain,207900.0,376100.0
na.jaemin0813,Music,8800000.0,Indonesia,1900000.0,2400000.0
nabilla,Beauty,7200000.0,France,266800.0,367400.0
nadin_serovski,Family,9400000.0,Russia,515700.0,710100.0
nadine,Music,11100000.0,Philippines,319900.0,354600.0
naileadevora,Shows,5000000.0,United States,482400.0,712700.0
nameisnani,Sports with a ball,4800000.0,India,517800.0,559000.0
nancyajram,Music,32400000.0,Iraq,140300.0,179500.0
narendramodi,Finance & Economics,66500000.0,India,1500000.0,1700000.0
narins_beauty,Lifestyle,8400000.0,Syria,351600.0,429000.0
nasa,Science,75300000.0,India,564500.0,653200.0
natalee.007,Modeling,6900000.0,United States,286600.0,366100.0
natashawilona12,Beauty,37500000.0,Indonesia,233300.0,278600.0
natgeo,Nature & landscapes,214600000.0,United States,124700.0,145500.0
natgeotravel,Nature & landscapes,45400000.0,United States,50600.0,56900.0
nattinatasha,Music,35400000.0,Mexico,281100.0,338300.0
navidmohammadzadeh,Cinema & Actors/actresses,8200000.0,Iran,541400.0,764000.0
nazriyafahadh,Lifestyle,5500000.0,India,371800.0,497800.0
nba,Sports with a ball,65800000.0,United States,40600.0,68200.0
ncentineo,Cinema & Actors/actresses,17000000.0,Brazil,200300.0,333600.0
nct,Music,13600000.0,Indonesia,624900.0,819900.0
nct_dream,Music,9200000.0,Indonesia,576300.0,642900.0
nct127,Music,13700000.0,Indonesia,787200.0,972300.0
nehakakkar,Music,68500000.0,India,664800.0,774400.0
nehasharmaofficial,Cinema & Actors/actresses,13900000.0,India,232800.0,267600.0
neslihanatagul,Cinema & Actors/actresses,13000000.0,Turkey,670600.0,842600.0
nessabarrett,Music,6600000.0,United States,340200.0,461300.0
netflix,Cinema & Actors/actresses,29500000.0,Brazil,65000.0,105900.0
netflixbrasil,Shows,29900000.0,Brazil,103700.0,177500.0
neymarjr,Sports with a ball,172000000.0,Brazil,1600000.0,2300000.0
niallhoran,Music,29400000.0,United States,1200000.0,1800000.0
nianaguerrero,Music,14000000.0,Indonesia,410600.0,514800.0
nicki.nicole,Music,11500000.0,Argentina,876200.0,1300000.0
nickiminaj,Music,181600000.0,United States,393700.0,615200.0
nickjonas,Music,32300000.0,United States,164000.0,233000.0
nickyjam,Music,42700000.0,Colombia,290900.0,347000.0
nicolegarcia,Lifestyle,5300000.0,Mexico,384900.0,503400.0
nike,Fitness & Gym,208900000.0,United States,129500.0,175500.0
nikefootball,Sports with a ball,44300000.0,Brazil,74800.0,117400.0
nikitadragun,Beauty,9100000.0,United States,368000.0,562100.0
nikkietutorials,Beauty,15600000.0,United States,353800.0,480500.0
nina,Cinema & Actors/actresses,25500000.0,Brazil,778500.0,1100000.0
nita_shilimkar,Fashion,10300000.0,India,351100.0,464900.0
noahbeck,Sports with a ball,9000000.0,United States,317300.0,523000.0
noahschnapp,Cinema & Actors/actresses,20100000.0,Brazil,1300000.0,1700000.0
nobru,Music,13200000.0,United States,0.0,350200.0
nobru,Machinery & Technologies,13200000.0,United States,0.0,350100.0
nodal,Music,8400000.0,Mexico,252400.0,415500.0
nolimitherbo,Music,7400000.0,United States,156200.0,374700.0
noorstars,Shows,12600000.0,Iraq,149500.0,199600.0
norafatehi,Cinema & Actors/actresses,38600000.0,India,865800.0,1100000.0
normani,Lifestyle,7000000.0,United States,313800.0,490900.0
nusr_et,Food & Cooking,43500000.0,Turkey,192900.0,285400.0
o.dembele7,Sports with a ball,10300000.0,Spain,468600.0,804000.0
obj,Sports with a ball,15800000.0,United States,339500.0,645800.0
obx,Music,5400000.0,United States,587300.0,1100000.0
officialslystallone,Art/Artists,14800000.0,United States,162900.0,206300.0
offsetyrn,Music,19700000.0,United States,313300.0,559800.0
oliviarodrigo,Music,22900000.0,India,2800000.0,3500000.0
onwardwanna,Lifestyle,5100000.0,United States,1000000.0,1700000.0
onyourm__ark,Music,8300000.0,Indonesia,1700000.0,2100000.0
oohsehun,Music,22900000.0,Indonesia,1900000.0,2400000.0
ozuna,Music,22200000.0,Spain,167100.0,225300.0
pablogavi,Music,3300000.0,United States,0.0,841600.0
paollaoliveirareal,Cinema & Actors/actresses,33600000.0,Brazil,127600.0,167400.0
parineetichopra,Cinema & Actors/actresses,35200000.0,India,357500.0,412100.0
paulodybala,Sports with a ball,45800000.0,Argentina,662900.0,1100000.0
paulolondra,Music,12600000.0,Argentina,1200000.0,1900000.0
paulpogba,Sports with a ball,52800000.0,Brazil,353400.0,628500.0
paulwalker,Cinema & Actors/actresses,14600000.0,India,217200.0,297800.0
paulwesley,Cinema & Actors/actresses,12200000.0,Brazil,640000.0,958000.0
pefabiodemelo,Lifestyle,25500000.0,Brazil,81600.0,122900.0
perrieedwards,Modeling,14500000.0,Brazil,523100.0,816700.0
perspolis,Sports with a ball,7600000.0,Iran,276500.0,393200.0
pewdiepie,Computers & Gadgets,21900000.0,United States,1200000.0,1400000.0
peytonlist,Cinema & Actors/actresses,19700000.0,United States,360000.0,541500.0
pharrell,Music,13500000.0,United States,126400.0,181100.0
phil.coutinho,Sports with a ball,24500000.0,Brazil,456200.0,740900.0
phoebejtonkin,Beauty,8200000.0,United States,236800.0,338600.0
phs1116,Business & Careers,9500000.0,Indonesia,2000000.0,2600000.0
playboicarti,Music,8000000.0,United States,1200000.0,2100000.0
playstation,Computers & Gadgets,28900000.0,United States,80500.0,99300.0
pokimanelol,Lifestyle,6000000.0,United States,526700.0,694800.0
pokrov90,Shows,7300000.0,Russia,350300.0,408100.0
polo.capalot,Music,10200000.0,United States,416900.0,685700.0
pooorblack,Music,4000000.0,Iran,530000.0,687400.0
porsche,Cars & Motorbikes,26400000.0,United States,97100.0,124400.0
postmalone,Music,22300000.0,United States,407300.0,623100.0
prattprattpratt,Cinema & Actors/actresses,35500000.0,United States,193000.0,250900.0
premierleague,Sports with a ball,55400000.0,United Kingdom,49500.0,69500.0
prideofgypsies,Cinema & Actors/actresses,16800000.0,United States,141000.0,181300.0
prillylatuconsina96,Cinema & Actors/actresses,46600000.0,Indonesia,56400.0,81600.0
priyankachopra,Cinema & Actors/actresses,75700000.0,India,643000.0,778200.0
psg,Sports with a ball,58000000.0,Brazil,295800.0,495000.0
pubity,Humor & Fun & Happiness,31600000.0,United States,214500.0,313300.0
pugachevmark,Cars & Motorbikes,10000000.0,Russia,358100.0,525900.0
quackity,Music,3200000.0,United States,666400.0,819100.0
quavohuncho,Music,20800000.0,United States,103000.0,170100.0
raashiikhanna,Cinema & Actors/actresses,8100000.0,India,256600.0,305900.0
rachel_mypark,Cinema & Actors/actresses,9700000.0,Indonesia,784600.0,977100.0
rachelvennya,Kids & Toys,6700000.0,Indonesia,176400.0,372500.0
rafaelnadal,Sports with a ball,14000000.0,Spain,228700.0,286300.0
rafaeluccman,Lifestyle,8600000.0,Brazil,227100.0,472900.0
rafakalimann,Modeling,22800000.0,Brazil,90900.0,163300.0
raffinagita1717,Shows,60600000.0,Indonesia,37400.0,52500.0
rahulkl,Sports with a ball,11900000.0,India,676900.0,788500.0
raisa6690,Music,30400000.0,Indonesia,60600.0,94000.0
rakulpreet,Cinema & Actors/actresses,19200000.0,India,334100.0,392500.0
ranveersingh,Cinema & Actors/actresses,38900000.0,India,314700.0,408400.0
raphaelvarane,Sports with a ball,18400000.0,Spain,200800.0,301400.0
rashmika_mandanna,Beauty,30000000.0,India,1700000.0,2000000.0
ratantata,Business & Careers,5900000.0,India,952200.0,1100000.0
rauwalejandro,Music,13700000.0,Spain,382400.0,553000.0
realbarbarapalvin,Modeling,17500000.0,Russia,480200.0,649000.0
realhinakhan,Cinema & Actors/actresses,16700000.0,India,189500.0,233600.0
realmadrid,Sports with a ball,113000000.0,Spain,407200.0,563100.0
realshadmehr,Music,7600000.0,Iran,330200.0,460800.0
realstraykids,Music,20100000.0,Indonesia,1700000.0,2000000.0
redvelvet.smtown,Music,11400000.0,Indonesia,327900.0,398900.0
reesewitherspoon,Cinema & Actors/actresses,27600000.0,United States,152500.0,183700.0
regejean,Music,5500000.0,Brazil,473600.0,750300.0
renebaebae,Lifestyle,9900000.0,Indonesia,1400000.0,1700000.0
residente,Music,8700000.0,Colombia,480400.0,743900.0
reynmen,Music,7000000.0,Turkey,418000.0,531500.0
rezagolzar,Cinema & Actors/actresses,11700000.0,Iran,178500.0,263100.0
riaricis1795,Lifestyle,30300000.0,Indonesia,868200.0,1100000.0
ricky_martin,Music,16700000.0,Argentina,141200.0,190400.0
rishabpant,Sports with a ball,6100000.0,India,496500.0,589600.0
riteishd,Art/Artists,13800000.0,India,282200.0,328900.0
riyadmahrez26.7,Sports with a ball,8500000.0,Algeria,333900.0,429900.0
riyaz.14,Lifestyle,26100000.0,India,399800.0,519500.0
rizkybillar,Shows,12600000.0,Indonesia,322100.0,414800.0
rizkyfbian,Music,12300000.0,Indonesia,133100.0,203600.0
rkive,Music,31300000.0,United States,8600000.0,8600000.0
robertdowneyjr,Cinema & Actors/actresses,51900000.0,India,1600000.0,2100000.0
roberto_firmino,Sports with a ball,13200000.0,Brazil,144600.0,214900.0
rockstargames,Computers & Gadgets,22300000.0,United States,108500.0,135200.0
rogerfederer,Sports with a ball,9200000.0,Spain,484700.0,627900.0
rohitsharma45,Sports with a ball,23300000.0,India,1100000.0,1200000.0
rohittt_09_,Shows,21200000.0,India,788700.0,1100000.0
romanreigns,Music,6000000.0,India,383100.0,497400.0
romeosantos,Music,19000000.0,United States,225000.0,277900.0
ronaldinho,Sports with a ball,65100000.0,Brazil,183800.0,317000.0
rosalia.vt,Music,19500000.0,Spain,737000.0,967100.0
roses_are_rosie,Music,57500000.0,Indonesia,4800000.0,5500000.0
ross_lynch,Music,10000000.0,United States,348300.0,695500.0
ruben_onsu,Cinema & Actors/actresses,37900000.0,Indonesia,64200.0,79500.0
rubyrose,Modeling,18800000.0,United States,171300.0,225700.0
rupertgrint,Music,4700000.0,Brazil,579000.0,821500.0
sabrinacarpenter,Music,27100000.0,Brazil,1100000.0,1300000.0
sachintendulkar,Sports with a ball,33500000.0,India,333400.0,399900.0
sadiesink_,Modeling,15300000.0,Brazil,1200000.0,1700000.0
sadiomaneofficiel,Sports with a ball,10400000.0,United Kingdom,350700.0,500300.0
saharghoreyshiofficialpage,Lifestyle,10700000.0,Iran,193800.0,283900.0
saipallavi.senthamarai,Music,5300000.0,India,819500.0,939300.0
salmahayek,Cinema & Actors/actresses,20900000.0,United States,212100.0,262500.0
samantharuthprabhuoffl,Beauty,22900000.0,India,584900.0,701500.0
samoylovaoxana,Family,15200000.0,Russia,897600.0,1200000.0
samsmith,Music,14600000.0,United States,223900.0,328400.0
sanchooo10,Sports with a ball,8300000.0,United Kingdom,411400.0,719600.0
sandrinna_11,Lifestyle,10400000.0,Indonesia,252200.0,321600.0
saraalikhan95,Cinema & Actors/actresses,39700000.0,India,247900.0,302000.0
sarahhyland,Cinema & Actors/actresses,9100000.0,United States,223000.0,278900.0
sarwendah29,Music,30800000.0,Indonesia,75400.0,89200.0
sav.labrant,Family,7000000.0,United States,597100.0,798400.0
saweetie,Cinema & Actors/actresses,13100000.0,United States,144700.0,336200.0
sebastianyatra,Music,29300000.0,Argentina,219300.0,305600.0
selenagomez,Music,308200000.0,United States,3300000.0,4400000.0
sergioramos,Sports with a ball,49700000.0,Spain,606900.0,930300.0
serna_amini,Music,7600000.0,Iran,1300000.0,1800000.0
shahidkapoor,Cinema & Actors/actresses,33500000.0,India,506700.0,574100.0
shakira,Music,71900000.0,India,691100.0,947200.0
shawnmendes,Music,67400000.0,Brazil,809300.0,1200000.0
shaymitchell,Beauty,32600000.0,United States,304800.0,426300.0
shehnaazgill,Cinema & Actors/actresses,11300000.0,India,396800.0,496300.0
shikhardofficial,Sports with a ball,10800000.0,India,261000.0,298400.0
shraddhakapoor,Cinema & Actors/actresses,70500000.0,India,1100000.0,1300000.0
shreyaghoshal,Music,23700000.0,India,127700.0,142500.0
shreyas41,Sports with a ball,5900000.0,India,461700.0,575700.0
shxxbi131,Music,3700000.0,Indonesia,585100.0,687300.0
sidhu_moosewala,Music,6900000.0,India,366600.0,445100.0
sidmalhotra,Cinema & Actors/actresses,18700000.0,India,602400.0,750000.0
simaria,Music,27600000.0,Brazil,223500.0,326200.0
simoneses,Music,33700000.0,Brazil,327800.0,412200.0
sinavaliollah,Shows,6800000.0,Iran,376400.0,474700.0
sincerooficial,Humor & Fun & Happiness,21100000.0,Brazil,109500.0,212600.0
sivakarthikeyan,Music,4500000.0,India,470600.0,554600.0
skawngur,Cinema & Actors/actresses,17800000.0,Indonesia,1800000.0,2500000.0
skuukzky,Clothing & Outfits,17500000.0,Indonesia,871400.0,1100000.0
smriti_mandhana,Sports with a ball,5900000.0,India,550900.0,637700.0
snoopdogg,Lifestyle,71800000.0,United States,60900.0,85500.0
sofiaalcastro,Shows,8500000.0,Colombia,427400.0,582700.0
sofiavergara,Cinema & Actors/actresses,24800000.0,United States,109000.0,143000.0
sommerray,Modeling,26700000.0,United States,242300.0,381300.0
somsomi0309,Music,13900000.0,Indonesia,894600.0,1100000.0
sonamkapoor,Fashion,31900000.0,India,145800.0,173500.0
songkang_b,Music,13600000.0,Mexico,2000000.0,2800000.0
sonu_sood,Cinema & Actors/actresses,14100000.0,India,321300.0,367600.0
soohyun_k216,Music,13300000.0,Indonesia,1300000.0,1600000.0
sooyaaa__,Music,58600000.0,Indonesia,4700000.0,5400000.0
sooyoungchoi,Beauty,6900000.0,Indonesia,348900.0,420700.0
sophiedee,Adult content,11600000.0,United States,186300.0,248000.0
sophiet,Cinema & Actors/actresses,14900000.0,United States,515900.0,693700.0
soueunavida,Humor & Fun & Happiness,17500000.0,Brazil,204600.0,389500.0
sound_of_coups,Music,3300000.0,Indonesia,751600.0,964100.0
soydannyalfaro,Beauty,8000000.0,Mexico,329400.0,377400.0
soyneiva,Adult content,11400000.0,Brazil,212900.0,285900.0
spacex,Science,13300000.0,United States,201000.0,244900.0
sportscenter,Sports with a ball,30000000.0,United States,125800.0,224200.0
ssinz7,Music,13500000.0,Indonesia,1300000.0,1600000.0
staceysolomon,Family,5100000.0,United Kingdom,409700.0,493600.0
starwars,Cinema & Actors/actresses,14900000.0,United States,182000.0,231400.0
staskaranikolaou,Lifestyle,10800000.0,United States,179400.0,264100.0
stephencurry30,Sports with a ball,41100000.0,United States,565700.0,757600.0
sthefanematos,Lifestyle,9700000.0,Brazil,256800.0,590200.0
strangerthingstv,Cinema & Actors/actresses,15600000.0,Brazil,433200.0,579500.0
subo_m,Shows,9000000.0,Russia,294200.0,360400.0
suga_bighitentertainment,Lifestyle,7900000.0,Indonesia,1200000.0,1400000.0
sunnyleone,Beauty,51500000.0,India,312800.0,421700.0
superstar_dewasi99,Music,8700000.0,India,294700.0,466500.0
sureshraina3,Modeling,19100000.0,India,328700.0,371300.0
sydney_sweeney,Lifestyle,11800000.0,United States,1800000.0,3400000.0
syifahadjureal,Modeling,14900000.0,Indonesia,295700.0,365000.0
sza,Music,11600000.0,United States,748600.0,1300000.0
t22felton,Music,11900000.0,United States,223400.0,289400.0
taehyung.bighitentertainment,Management & Marketing,10300000.0,Indonesia,2000000.0,2100000.0
taeoxo_nct,Music,8800000.0,Indonesia,1300000.0,1800000.0
taeyeon_ss,Music,18300000.0,South Korea,762000.0,925800.0
taina,Music,15600000.0,Brazil,478300.0,998900.0
tamannaahspeaks,Music,15900000.0,India,344400.0,401900.0
tamerhosny,Music,22000000.0,Egypt,110500.0,134100.0
tatawerneck,Cinema & Actors/actresses,52100000.0,Brazil,80800.0,123500.0
taylor_hill,Art/Artists,18900000.0,United States,115500.0,172900.0
taylorswift,Music,204700000.0,Brazil,2300000.0,3100000.0
tchalamet,Cinema & Actors/actresses,17500000.0,United States,2300000.0,3800000.0
teddysphotos,Music,37700000.0,United States,161000.0,219800.0
tejasswiprakash,Beauty,5500000.0,India,424700.0,513400.0
tenlee_1001,Music,9400000.0,Indonesia,1100000.0,1400000.0
teyanataylor,Music,14600000.0,United States,153900.0,261200.0
thariqhalilintar,Shows,6500000.0,Indonesia,476900.0,590200.0
thebursin,Cinema & Actors/actresses,10300000.0,Russia,891200.0,1200000.0
thedeverakonda,Cinema & Actors/actresses,14800000.0,India,984900.0,1200000.0
theellenshow,Shows,116800000.0,United States,29200.0,33300.0
theestallion,Music,28200000.0,United States,504000.0,879900.0
thefatjewish,Humor & Fun & Happiness,10100000.0,United States,186900.0,244400.0
thegirljt,Music,5100000.0,United States,234400.0,641800.0
thehughjackman,Cinema & Actors/actresses,30300000.0,United States,107100.0,122400.0
thenameisyash,Cinema & Actors/actresses,5900000.0,India,813100.0,964900.0
thenewclassic,Music,15800000.0,United States,233600.0,378200.0
thenotoriousmma,Fitness & Gym,45000000.0,United States,435400.0,631500.0
therealcalebmclaughlin,Cinema & Actors/actresses,11100000.0,Brazil,278700.0,398600.0
therealjosephmorgan,Cinema & Actors/actresses,7800000.0,Brazil,411300.0,514100.0
therock,Cinema & Actors/actresses,307000000.0,India,303400.0,396000.0
theshilpashetty,Cinema & Actors/actresses,24800000.0,India,107100.0,124000.0
theweeknd,Music,37500000.0,United States,725800.0,983900.0
thiagosilva,Sports with a ball,18900000.0,Brazil,122800.0,207200.0
thv,Music,38100000.0,United States,12200000.0,12200000.0
tiagopzk,Music,4300000.0,Argentina,333400.0,761600.0
tiffanyyoungofficial,Modeling,11600000.0,Indonesia,240500.0,301200.0
tigerjackieshroff,Cinema & Actors/actresses,33800000.0,India,331600.0,405000.0
timatiofficial,Music,18000000.0,Russia,151200.0,202400.0
tinistoessel,Music,17400000.0,Argentina,631400.0,844700.0
todayis_wendy,Music,6300000.0,Indonesia,1100000.0,1300000.0
tombrady,Sports with a ball,11800000.0,United States,458600.0,847900.0
tomcruise,Cinema & Actors/actresses,6200000.0,India,465000.0,645700.0
tommyinnit,Lifestyle,3600000.0,France,724800.0,817400.0
toni.kr8s,Sports with a ball,31900000.0,Germany,178800.0,244100.0
travisscott,Music,44800000.0,United States,1400000.0,2100000.0
trentarnold66,Lifestyle,6600000.0,United Kingdom,298900.0,438300.0
trippieredd,Music,12800000.0,United States,530700.0,1000000.0
troyesivan,Art/Artists,12600000.0,United States,157200.0,225600.0
trueno,Music,6700000.0,Argentina,479200.0,745700.0
twicetagram,Music,24600000.0,Indonesia,1300000.0,1600000.0
txt_bighit,Music,11700000.0,Indonesia,637800.0,804900.0
tyga,Music,32400000.0,United States,689200.0,1000000.0
tylerrjoseph,Music,5500000.0,United States,628200.0,941300.0
uarmyhope,Music,32200000.0,South Korea,8000000.0,8000000.0
urassayas,Cinema & Actors/actresses,11400000.0,Thailand,181600.0,220800.0
urstrulymahesh,Cinema & Actors/actresses,8100000.0,India,527500.0,580400.0
ursulolita,Cinema & Actors/actresses,24600000.0,Brazil,2000000.0,2900000.0
urvashirautela,Cinema & Actors/actresses,46400000.0,India,193400.0,229900.0
valentinazenere,Modeling,8500000.0,Brazil,259000.0,315400.0
valeyellow46,Racing Sports,13300000.0,Indonesia,310500.0,405300.0
vancityreynolds,Cinema & Actors/actresses,42400000.0,United States,325200.0,422400.0
vanessahudgens,Cinema & Actors/actresses,44800000.0,United States,161100.0,262300.0
vanessalopesr_,Lifestyle,10600000.0,Brazil,171900.0,559700.0
vanessamorgan,Music,9400000.0,United States,422300.0,600500.0
varundvn,Cinema & Actors/actresses,40900000.0,India,403400.0,492300.0
veradijkmans,Adult content,5100000.0,United States,390300.0,548600.0
vickykaushal09,Cinema & Actors/actresses,13200000.0,India,1300000.0,1500000.0
victoriajustice,Music,21800000.0,United States,226200.0,309800.0
viihtube,Cinema & Actors/actresses,22900000.0,Brazil,148000.0,279900.0
vindiesel,Cinema & Actors/actresses,79000000.0,Brazil,440500.0,568500.0
vinijr,Sports with a ball,15800000.0,Brazil,909400.0,1500000.0
vinniehacker,Lifestyle,5600000.0,United States,687000.0,1400000.0
violets.tv,Adult content,13500000.0,Italy,221300.0,303500.0
virat.kohli,Sports with a ball,188100000.0,India,3100000.0,3400000.0
virgilvandijk,Sports with a ball,11500000.0,United Kingdom,235400.0,333600.0
virginia,Shows,35800000.0,Brazil,1400000.0,2100000.0
vivi,Beauty,13100000.0,Brazil,200000.0,328400.0
vousmevoyez,Music,10100000.0,Indonesia,366600.0,475800.0
warriors,Lifestyle,22200000.0,United States,81700.0,112800.0
watanabenaomi703,Cinema & Actors/actresses,9700000.0,Japan,339000.0,361000.0
waynerooney,Sports with a ball,15500000.0,United Kingdom,139800.0,201400.0
wdohwan,Cinema & Actors/actresses,4400000.0,Indonesia,504800.0,669000.0
whinderssonnunes,Humor & Fun & Happiness,57900000.0,Brazil,988300.0,1500000.0
wi__wi__wi,Music,10200000.0,South Korea,1100000.0,1400000.0
wilbursoot,Music,3200000.0,United States,687500.0,883100.0
willevy,Shows,10200000.0,Brazil,382900.0,514400.0
willsmith,Cinema & Actors/actresses,62400000.0,United States,1900000.0,2400000.0
willyrex,Shows,8600000.0,Spain,324100.0,385100.0
winmetawin,Lifestyle,11700000.0,Philippines,1300000.0,1500000.0
wizkidayo,Music,14200000.0,Nigeria,243300.0,473400.0
wolfiecindy,Modeling,6900000.0,United States,226500.0,376700.0
wos.ds3,Music,6300000.0,Argentina,371200.0,567400.0
wwiinn_7,Music,7000000.0,Indonesia,1300000.0,1500000.0
xavi,Sports with a ball,8100000.0,Spain,419400.0,629100.0
xeesoxee,Lifestyle,8900000.0,Indonesia,1300000.0,1700000.0
xsqueezie,Music,7600000.0,France,519400.0,607300.0
xuminghao_o,Music,4300000.0,Indonesia,615900.0,776200.0
xxxibgdrgn,Photography,20600000.0,Indonesia,785300.0,999100.0
xxxtentacion,Music,20200000.0,United States,11800000.0,20800000.0
yailinlamasviralreal,Music,4300000.0,United States,0.0,859600.0
yangyang_x2,Music,6100000.0,Indonesia,863400.0,1100000.0
yaocabrera,Music,12200000.0,Argentina,256000.0,556100.0
yasminabdelaziz_,Cinema & Actors/actresses,15400000.0,Egypt,185700.0,219900.0
yasmine_sabri,Cinema & Actors/actresses,18400000.0,Egypt,158400.0,222800.0
yastunes,Music,8000000.0,Iran,644000.0,894000.0
yawnzzn,Music,7400000.0,United States,0.0,4300000.0
yefersoncossio,Lifestyle,8800000.0,Colombia,257000.0,376600.0
yejinhand,Cinema & Actors/actresses,6000000.0,Indonesia,537100.0,699000.0
yellow_3to3,Music,5200000.0,Indonesia,1600000.0,2000000.0
yerimiese,Lifestyle,10100000.0,Indonesia,620300.0,768100.0
yihyun_1208,Music,5400000.0,South Korea,1300000.0,1600000.0
ykaaar,Music,5100000.0,Italy,968100.0,1300000.0
yoona__lim,Cinema & Actors/actresses,13200000.0,Indonesia,571600.0,683200.0
yooncy1,Music,4900000.0,South Korea,1100000.0,1300000.0
youngdae0302,Music,3800000.0,Indonesia,561400.0,741400.0
yugyeom,Music,10800000.0,Thailand,634200.0,821700.0
yungmiami305,Lifestyle,5300000.0,United States,184600.0,547800.0
yuu_taa_1026,Music,7900000.0,Indonesia,1000000.0,1300000.0
yuyacst,Modeling,17100000.0,Mexico,389800.0,598200.0
yuzi_chahal23,Lifestyle,7500000.0,India,311500.0,379500.0
zacefron,Cinema & Actors/actresses,52100000.0,United States,598700.0,869300.0
zachking,Shows,24500000.0,Indonesia,413900.0,637700.0
zayn,Music,44900000.0,India,3700000.0,5800000.0
zefelipecantor,Music,23100000.0,Brazil,278100.0,487800.0
zelenskiy_official,Cinema & Actors/actresses,16400000.0,Ukraine,174000.0,208100.0
zendaya,Cinema & Actors/actresses,136100000.0,United States,6400000.0,8600000.0
zidane,Sports with a ball,31200000.0,Spain,546000.0,744100.0
zkdlin,Music,13900000.0,Indonesia,1300000.0,1600000.0
zoeisabellakravitz,Cinema & Actors/actresses,8200000.0,United States,583000.0,885500.0
zoesugg,Lifestyle,9400000.0,United Kingdom,208700.0,289300.0
